VEHICLE_CODE,VEHICLE_TOTAL_WEIGHT_KG,VEHICLE_VARIABLE_COST_KM,,
875-M-523,12509,0.51,,
O76-T-703,7271,0.22,,
O76-T-702,7271,0.22,,
E81-M-661,3485,0.19,,
A08-J-522,2062,0.19,,
O78-K-074,2062,0.2,,
T14-E-264,1754,0.19,,
A69-O-649,1216,0.19,,
J92-T-826,1058,0.2,,
